{"0.0": 0.009577957913279533, "1.0": 0.4956275522708893, "2.033": 0.9506203532218933}